"product_id","images"
eef8727e-8594-42b7-a85a-6388245f417e,http://res.cloudinary.com/djs6t9owh/image/upload/v1735330754/uploads/images/tz6qafubosdgboa2jhvk.jpg
eef8727e-8594-42b7-a85a-6388245f417e,http://res.cloudinary.com/djs6t9owh/image/upload/v1735330756/uploads/images/tptoabjmhgvnd3owtmhc.jpg
eef8727e-8594-42b7-a85a-6388245f417e,http://res.cloudinary.com/djs6t9owh/image/upload/v1735330758/uploads/images/oocd0xfn23tvac5ooohi.jpg
eef8727e-8594-42b7-a85a-6388245f417e,http://res.cloudinary.com/djs6t9owh/image/upload/v1735330760/uploads/images/soh1bpho6auzwmqh3s76.jpg
eef8727e-8594-42b7-a85a-6388245f417e,http://res.cloudinary.com/djs6t9owh/image/upload/v1735330762/uploads/images/s2ihnfnjlmflbhkk2mio.jpg
"06ae8788-0370-495e-9386-3309e1a591fd",http://res.cloudinary.com/djs6t9owh/image/upload/v1735331126/uploads/images/j0k8jbipevveqxx4cxiu.jpg
"06ae8788-0370-495e-9386-3309e1a591fd",http://res.cloudinary.com/djs6t9owh/image/upload/v1735331128/uploads/images/dgizfvp6t5djz410fftd.jpg
"06ae8788-0370-495e-9386-3309e1a591fd",http://res.cloudinary.com/djs6t9owh/image/upload/v1735331129/uploads/images/kyiapcgw4ilexilnt3qv.jpg
"06ae8788-0370-495e-9386-3309e1a591fd",http://res.cloudinary.com/djs6t9owh/image/upload/v1735331130/uploads/images/ojx6xfdxssm5jww1scvk.jpg
"06ae8788-0370-495e-9386-3309e1a591fd",http://res.cloudinary.com/djs6t9owh/image/upload/v1735331132/uploads/images/yja8aslnk5fucizpbqbj.jpg
f8109538-d277-46d4-a540-24cc2a8f79a9,http://res.cloudinary.com/djs6t9owh/image/upload/v1735331662/uploads/images/rannvjaaej0ouu5ctpkb.jpg
f8109538-d277-46d4-a540-24cc2a8f79a9,http://res.cloudinary.com/djs6t9owh/image/upload/v1735331663/uploads/images/bdhyylhnrwsfinhmwapx.jpg
f8109538-d277-46d4-a540-24cc2a8f79a9,http://res.cloudinary.com/djs6t9owh/image/upload/v1735331664/uploads/images/slrkkdls7ldfmsgvgjti.jpg
f8109538-d277-46d4-a540-24cc2a8f79a9,http://res.cloudinary.com/djs6t9owh/image/upload/v1735331666/uploads/images/orw5zagtkazc9v9zq18i.jpg
f8109538-d277-46d4-a540-24cc2a8f79a9,http://res.cloudinary.com/djs6t9owh/image/upload/v1735331667/uploads/images/bs746xayal79lsz2qwuj.jpg
"3bb848a5-bcb5-4bcc-a409-d3c68495ebb2",http://res.cloudinary.com/djs6t9owh/image/upload/v1747418711/uploads/images/l2zitrlnudb6lx4fo9s7.jpg
"3bb848a5-bcb5-4bcc-a409-d3c68495ebb2",http://res.cloudinary.com/djs6t9owh/image/upload/v1747418713/uploads/images/qgexm1gdamsqopnzgqco.jpg
"3bb848a5-bcb5-4bcc-a409-d3c68495ebb2",http://res.cloudinary.com/djs6t9owh/image/upload/v1747418715/uploads/images/yzlw6wuvc75zpn1fcubx.jpg
"3bb848a5-bcb5-4bcc-a409-d3c68495ebb2",http://res.cloudinary.com/djs6t9owh/image/upload/v1747418716/uploads/images/yorojv6lh866rwasqwki.jpg
"3bb848a5-bcb5-4bcc-a409-d3c68495ebb2",http://res.cloudinary.com/djs6t9owh/image/upload/v1747418718/uploads/images/chmyrskadecqjc092uh5.jpg
f87b5da4-a2f6-43a6-8bf3-1f7ee18bc554,http://res.cloudinary.com/djs6t9owh/image/upload/v1735580577/uploads/images/lfadszbpdr51rt9vzx7w.jpg
f87b5da4-a2f6-43a6-8bf3-1f7ee18bc554,http://res.cloudinary.com/djs6t9owh/image/upload/v1735580579/uploads/images/nodxodyc0geffzvpo0ho.jpg
f87b5da4-a2f6-43a6-8bf3-1f7ee18bc554,http://res.cloudinary.com/djs6t9owh/image/upload/v1735580580/uploads/images/e9tghuqwgog17rvdx5nr.jpg
f87b5da4-a2f6-43a6-8bf3-1f7ee18bc554,http://res.cloudinary.com/djs6t9owh/image/upload/v1735580582/uploads/images/q5rocxlmgssplepk2uq0.jpg
f87b5da4-a2f6-43a6-8bf3-1f7ee18bc554,http://res.cloudinary.com/djs6t9owh/image/upload/v1748461858/uploads/images/wesu756e3lnzxt3lq81j.jpg
"873d92bf-1821-4f0b-bdf8-7a3a4550da83",http://res.cloudinary.com/djs6t9owh/image/upload/v1748541587/uploads/images/jxijbdg8nmtcddcpnxrz.jpg
"873d92bf-1821-4f0b-bdf8-7a3a4550da83",http://res.cloudinary.com/djs6t9owh/image/upload/v1748541588/uploads/images/tcgybcs0ugxd4949f03n.jpg
"873d92bf-1821-4f0b-bdf8-7a3a4550da83",http://res.cloudinary.com/djs6t9owh/image/upload/v1748541590/uploads/images/b9bcozs46sb9xrnn8oht.jpg
"873d92bf-1821-4f0b-bdf8-7a3a4550da83",http://res.cloudinary.com/djs6t9owh/image/upload/v1748541591/uploads/images/lhxk6wmm8jjkll2zwehv.jpg
"873d92bf-1821-4f0b-bdf8-7a3a4550da83",http://res.cloudinary.com/djs6t9owh/image/upload/v1748541592/uploads/images/edvtd0w1kpv7dexm4dih.jpg
cbca5c5b-f2a9-4442-adb7-a03d0673f50c,http://res.cloudinary.com/djs6t9owh/image/upload/v1748543176/uploads/images/m5j2i3bp7cxzzxtb57qi.jpg
cbca5c5b-f2a9-4442-adb7-a03d0673f50c,http://res.cloudinary.com/djs6t9owh/image/upload/v1748543178/uploads/images/piidka05zk1axwjgl3yw.jpg
cbca5c5b-f2a9-4442-adb7-a03d0673f50c,http://res.cloudinary.com/djs6t9owh/image/upload/v1748543179/uploads/images/umu35zmkctmogmc3jhoe.jpg
cbca5c5b-f2a9-4442-adb7-a03d0673f50c,http://res.cloudinary.com/djs6t9owh/image/upload/v1748543181/uploads/images/xn8lbdhcjafevnb3bfac.jpg
cbca5c5b-f2a9-4442-adb7-a03d0673f50c,http://res.cloudinary.com/djs6t9owh/image/upload/v1748543182/uploads/images/xkdelyn6o5frvxj54noh.jpg
"220fc4a3-cb16-4d78-9b94-2078ef41eb0a",http://res.cloudinary.com/djs6t9owh/image/upload/v1748545082/uploads/images/uz5t0fcngqub3ewg8sg8.jpg
"220fc4a3-cb16-4d78-9b94-2078ef41eb0a",http://res.cloudinary.com/djs6t9owh/image/upload/v1748545084/uploads/images/ggfhfve3exenyjkkt992.jpg
"220fc4a3-cb16-4d78-9b94-2078ef41eb0a",http://res.cloudinary.com/djs6t9owh/image/upload/v1748545085/uploads/images/utrph5yt2teeruuscnh3.jpg
"220fc4a3-cb16-4d78-9b94-2078ef41eb0a",http://res.cloudinary.com/djs6t9owh/image/upload/v1748545087/uploads/images/guroqqhya8rpzgftrvib.jpg
"220fc4a3-cb16-4d78-9b94-2078ef41eb0a",http://res.cloudinary.com/djs6t9owh/image/upload/v1748545089/uploads/images/utaqjt3woxiamhpupatt.jpg
"836a5c55-1606-41da-ac28-8b0e9a0fd004",http://res.cloudinary.com/djs6t9owh/image/upload/v1748549144/uploads/images/ifdc578uy9syiakcqlqa.jpg
"836a5c55-1606-41da-ac28-8b0e9a0fd004",http://res.cloudinary.com/djs6t9owh/image/upload/v1748549145/uploads/images/ymnfzmtab0joiprzprmw.jpg
"836a5c55-1606-41da-ac28-8b0e9a0fd004",http://res.cloudinary.com/djs6t9owh/image/upload/v1748549146/uploads/images/epsdl3fblq3oops8mpos.jpg
"836a5c55-1606-41da-ac28-8b0e9a0fd004",http://res.cloudinary.com/djs6t9owh/image/upload/v1748549148/uploads/images/mpw1ugnsxhtyqwbyzjef.jpg
"836a5c55-1606-41da-ac28-8b0e9a0fd004",http://res.cloudinary.com/djs6t9owh/image/upload/v1748549149/uploads/images/htp6rsb0d6awcns6npil.jpg
eef8727e-8594-42b7-a85a-6388245f417e,http://res.cloudinary.com/djs6t9owh/image/upload/v1735330754/uploads/images/tz6qafubosdgboa2jhvk.jpg
eef8727e-8594-42b7-a85a-6388245f417e,http://res.cloudinary.com/djs6t9owh/image/upload/v1735330756/uploads/images/tptoabjmhgvnd3owtmhc.jpg
eef8727e-8594-42b7-a85a-6388245f417e,http://res.cloudinary.com/djs6t9owh/image/upload/v1735330758/uploads/images/oocd0xfn23tvac5ooohi.jpg
eef8727e-8594-42b7-a85a-6388245f417e,http://res.cloudinary.com/djs6t9owh/image/upload/v1735330760/uploads/images/soh1bpho6auzwmqh3s76.jpg
eef8727e-8594-42b7-a85a-6388245f417e,http://res.cloudinary.com/djs6t9owh/image/upload/v1735330762/uploads/images/s2ihnfnjlmflbhkk2mio.jpg
"06ae8788-0370-495e-9386-3309e1a591fd",http://res.cloudinary.com/djs6t9owh/image/upload/v1735331126/uploads/images/j0k8jbipevveqxx4cxiu.jpg
"06ae8788-0370-495e-9386-3309e1a591fd",http://res.cloudinary.com/djs6t9owh/image/upload/v1735331128/uploads/images/dgizfvp6t5djz410fftd.jpg
"06ae8788-0370-495e-9386-3309e1a591fd",http://res.cloudinary.com/djs6t9owh/image/upload/v1735331129/uploads/images/kyiapcgw4ilexilnt3qv.jpg
"06ae8788-0370-495e-9386-3309e1a591fd",http://res.cloudinary.com/djs6t9owh/image/upload/v1735331130/uploads/images/ojx6xfdxssm5jww1scvk.jpg
"06ae8788-0370-495e-9386-3309e1a591fd",http://res.cloudinary.com/djs6t9owh/image/upload/v1735331132/uploads/images/yja8aslnk5fucizpbqbj.jpg
f8109538-d277-46d4-a540-24cc2a8f79a9,http://res.cloudinary.com/djs6t9owh/image/upload/v1735331662/uploads/images/rannvjaaej0ouu5ctpkb.jpg
f8109538-d277-46d4-a540-24cc2a8f79a9,http://res.cloudinary.com/djs6t9owh/image/upload/v1735331663/uploads/images/bdhyylhnrwsfinhmwapx.jpg
f8109538-d277-46d4-a540-24cc2a8f79a9,http://res.cloudinary.com/djs6t9owh/image/upload/v1735331664/uploads/images/slrkkdls7ldfmsgvgjti.jpg
f8109538-d277-46d4-a540-24cc2a8f79a9,http://res.cloudinary.com/djs6t9owh/image/upload/v1735331666/uploads/images/orw5zagtkazc9v9zq18i.jpg
f8109538-d277-46d4-a540-24cc2a8f79a9,http://res.cloudinary.com/djs6t9owh/image/upload/v1735331667/uploads/images/bs746xayal79lsz2qwuj.jpg
"3bb848a5-bcb5-4bcc-a409-d3c68495ebb2",http://res.cloudinary.com/djs6t9owh/image/upload/v1747418711/uploads/images/l2zitrlnudb6lx4fo9s7.jpg
"3bb848a5-bcb5-4bcc-a409-d3c68495ebb2",http://res.cloudinary.com/djs6t9owh/image/upload/v1747418713/uploads/images/qgexm1gdamsqopnzgqco.jpg
"3bb848a5-bcb5-4bcc-a409-d3c68495ebb2",http://res.cloudinary.com/djs6t9owh/image/upload/v1747418715/uploads/images/yzlw6wuvc75zpn1fcubx.jpg
"3bb848a5-bcb5-4bcc-a409-d3c68495ebb2",http://res.cloudinary.com/djs6t9owh/image/upload/v1747418716/uploads/images/yorojv6lh866rwasqwki.jpg
"3bb848a5-bcb5-4bcc-a409-d3c68495ebb2",http://res.cloudinary.com/djs6t9owh/image/upload/v1747418718/uploads/images/chmyrskadecqjc092uh5.jpg
f87b5da4-a2f6-43a6-8bf3-1f7ee18bc554,http://res.cloudinary.com/djs6t9owh/image/upload/v1735580577/uploads/images/lfadszbpdr51rt9vzx7w.jpg
f87b5da4-a2f6-43a6-8bf3-1f7ee18bc554,http://res.cloudinary.com/djs6t9owh/image/upload/v1735580579/uploads/images/nodxodyc0geffzvpo0ho.jpg
f87b5da4-a2f6-43a6-8bf3-1f7ee18bc554,http://res.cloudinary.com/djs6t9owh/image/upload/v1735580580/uploads/images/e9tghuqwgog17rvdx5nr.jpg
f87b5da4-a2f6-43a6-8bf3-1f7ee18bc554,http://res.cloudinary.com/djs6t9owh/image/upload/v1735580582/uploads/images/q5rocxlmgssplepk2uq0.jpg
f87b5da4-a2f6-43a6-8bf3-1f7ee18bc554,http://res.cloudinary.com/djs6t9owh/image/upload/v1748461858/uploads/images/wesu756e3lnzxt3lq81j.jpg
"873d92bf-1821-4f0b-bdf8-7a3a4550da83",http://res.cloudinary.com/djs6t9owh/image/upload/v1748541587/uploads/images/jxijbdg8nmtcddcpnxrz.jpg
"873d92bf-1821-4f0b-bdf8-7a3a4550da83",http://res.cloudinary.com/djs6t9owh/image/upload/v1748541588/uploads/images/tcgybcs0ugxd4949f03n.jpg
"873d92bf-1821-4f0b-bdf8-7a3a4550da83",http://res.cloudinary.com/djs6t9owh/image/upload/v1748541590/uploads/images/b9bcozs46sb9xrnn8oht.jpg
"873d92bf-1821-4f0b-bdf8-7a3a4550da83",http://res.cloudinary.com/djs6t9owh/image/upload/v1748541591/uploads/images/lhxk6wmm8jjkll2zwehv.jpg
"873d92bf-1821-4f0b-bdf8-7a3a4550da83",http://res.cloudinary.com/djs6t9owh/image/upload/v1748541592/uploads/images/edvtd0w1kpv7dexm4dih.jpg
cbca5c5b-f2a9-4442-adb7-a03d0673f50c,http://res.cloudinary.com/djs6t9owh/image/upload/v1748543176/uploads/images/m5j2i3bp7cxzzxtb57qi.jpg
cbca5c5b-f2a9-4442-adb7-a03d0673f50c,http://res.cloudinary.com/djs6t9owh/image/upload/v1748543178/uploads/images/piidka05zk1axwjgl3yw.jpg
cbca5c5b-f2a9-4442-adb7-a03d0673f50c,http://res.cloudinary.com/djs6t9owh/image/upload/v1748543179/uploads/images/umu35zmkctmogmc3jhoe.jpg
cbca5c5b-f2a9-4442-adb7-a03d0673f50c,http://res.cloudinary.com/djs6t9owh/image/upload/v1748543181/uploads/images/xn8lbdhcjafevnb3bfac.jpg
cbca5c5b-f2a9-4442-adb7-a03d0673f50c,http://res.cloudinary.com/djs6t9owh/image/upload/v1748543182/uploads/images/xkdelyn6o5frvxj54noh.jpg
"220fc4a3-cb16-4d78-9b94-2078ef41eb0a",http://res.cloudinary.com/djs6t9owh/image/upload/v1748545082/uploads/images/uz5t0fcngqub3ewg8sg8.jpg
"220fc4a3-cb16-4d78-9b94-2078ef41eb0a",http://res.cloudinary.com/djs6t9owh/image/upload/v1748545084/uploads/images/ggfhfve3exenyjkkt992.jpg
"220fc4a3-cb16-4d78-9b94-2078ef41eb0a",http://res.cloudinary.com/djs6t9owh/image/upload/v1748545085/uploads/images/utrph5yt2teeruuscnh3.jpg
"220fc4a3-cb16-4d78-9b94-2078ef41eb0a",http://res.cloudinary.com/djs6t9owh/image/upload/v1748545087/uploads/images/guroqqhya8rpzgftrvib.jpg
"220fc4a3-cb16-4d78-9b94-2078ef41eb0a",http://res.cloudinary.com/djs6t9owh/image/upload/v1748545089/uploads/images/utaqjt3woxiamhpupatt.jpg
"836a5c55-1606-41da-ac28-8b0e9a0fd004",http://res.cloudinary.com/djs6t9owh/image/upload/v1748549144/uploads/images/ifdc578uy9syiakcqlqa.jpg
"836a5c55-1606-41da-ac28-8b0e9a0fd004",http://res.cloudinary.com/djs6t9owh/image/upload/v1748549145/uploads/images/ymnfzmtab0joiprzprmw.jpg
"836a5c55-1606-41da-ac28-8b0e9a0fd004",http://res.cloudinary.com/djs6t9owh/image/upload/v1748549146/uploads/images/epsdl3fblq3oops8mpos.jpg
"836a5c55-1606-41da-ac28-8b0e9a0fd004",http://res.cloudinary.com/djs6t9owh/image/upload/v1748549148/uploads/images/mpw1ugnsxhtyqwbyzjef.jpg
"836a5c55-1606-41da-ac28-8b0e9a0fd004",http://res.cloudinary.com/djs6t9owh/image/upload/v1748549149/uploads/images/htp6rsb0d6awcns6npil.jpg
eef8727e-8594-42b7-a85a-6388245f417e,http://res.cloudinary.com/djs6t9owh/image/upload/v1735330754/uploads/images/tz6qafubosdgboa2jhvk.jpg
eef8727e-8594-42b7-a85a-6388245f417e,http://res.cloudinary.com/djs6t9owh/image/upload/v1735330756/uploads/images/tptoabjmhgvnd3owtmhc.jpg
eef8727e-8594-42b7-a85a-6388245f417e,http://res.cloudinary.com/djs6t9owh/image/upload/v1735330758/uploads/images/oocd0xfn23tvac5ooohi.jpg
eef8727e-8594-42b7-a85a-6388245f417e,http://res.cloudinary.com/djs6t9owh/image/upload/v1735330760/uploads/images/soh1bpho6auzwmqh3s76.jpg
eef8727e-8594-42b7-a85a-6388245f417e,http://res.cloudinary.com/djs6t9owh/image/upload/v1735330762/uploads/images/s2ihnfnjlmflbhkk2mio.jpg
"06ae8788-0370-495e-9386-3309e1a591fd",http://res.cloudinary.com/djs6t9owh/image/upload/v1735331126/uploads/images/j0k8jbipevveqxx4cxiu.jpg
"06ae8788-0370-495e-9386-3309e1a591fd",http://res.cloudinary.com/djs6t9owh/image/upload/v1735331128/uploads/images/dgizfvp6t5djz410fftd.jpg
"06ae8788-0370-495e-9386-3309e1a591fd",http://res.cloudinary.com/djs6t9owh/image/upload/v1735331129/uploads/images/kyiapcgw4ilexilnt3qv.jpg
"06ae8788-0370-495e-9386-3309e1a591fd",http://res.cloudinary.com/djs6t9owh/image/upload/v1735331130/uploads/images/ojx6xfdxssm5jww1scvk.jpg
"06ae8788-0370-495e-9386-3309e1a591fd",http://res.cloudinary.com/djs6t9owh/image/upload/v1735331132/uploads/images/yja8aslnk5fucizpbqbj.jpg
f8109538-d277-46d4-a540-24cc2a8f79a9,http://res.cloudinary.com/djs6t9owh/image/upload/v1735331662/uploads/images/rannvjaaej0ouu5ctpkb.jpg
f8109538-d277-46d4-a540-24cc2a8f79a9,http://res.cloudinary.com/djs6t9owh/image/upload/v1735331663/uploads/images/bdhyylhnrwsfinhmwapx.jpg
f8109538-d277-46d4-a540-24cc2a8f79a9,http://res.cloudinary.com/djs6t9owh/image/upload/v1735331664/uploads/images/slrkkdls7ldfmsgvgjti.jpg
f8109538-d277-46d4-a540-24cc2a8f79a9,http://res.cloudinary.com/djs6t9owh/image/upload/v1735331666/uploads/images/orw5zagtkazc9v9zq18i.jpg
f8109538-d277-46d4-a540-24cc2a8f79a9,http://res.cloudinary.com/djs6t9owh/image/upload/v1735331667/uploads/images/bs746xayal79lsz2qwuj.jpg
"3bb848a5-bcb5-4bcc-a409-d3c68495ebb2",http://res.cloudinary.com/djs6t9owh/image/upload/v1747418711/uploads/images/l2zitrlnudb6lx4fo9s7.jpg
"3bb848a5-bcb5-4bcc-a409-d3c68495ebb2",http://res.cloudinary.com/djs6t9owh/image/upload/v1747418713/uploads/images/qgexm1gdamsqopnzgqco.jpg
"3bb848a5-bcb5-4bcc-a409-d3c68495ebb2",http://res.cloudinary.com/djs6t9owh/image/upload/v1747418715/uploads/images/yzlw6wuvc75zpn1fcubx.jpg
"3bb848a5-bcb5-4bcc-a409-d3c68495ebb2",http://res.cloudinary.com/djs6t9owh/image/upload/v1747418716/uploads/images/yorojv6lh866rwasqwki.jpg
"3bb848a5-bcb5-4bcc-a409-d3c68495ebb2",http://res.cloudinary.com/djs6t9owh/image/upload/v1747418718/uploads/images/chmyrskadecqjc092uh5.jpg
f87b5da4-a2f6-43a6-8bf3-1f7ee18bc554,http://res.cloudinary.com/djs6t9owh/image/upload/v1735580577/uploads/images/lfadszbpdr51rt9vzx7w.jpg
f87b5da4-a2f6-43a6-8bf3-1f7ee18bc554,http://res.cloudinary.com/djs6t9owh/image/upload/v1735580579/uploads/images/nodxodyc0geffzvpo0ho.jpg
f87b5da4-a2f6-43a6-8bf3-1f7ee18bc554,http://res.cloudinary.com/djs6t9owh/image/upload/v1735580580/uploads/images/e9tghuqwgog17rvdx5nr.jpg
f87b5da4-a2f6-43a6-8bf3-1f7ee18bc554,http://res.cloudinary.com/djs6t9owh/image/upload/v1735580582/uploads/images/q5rocxlmgssplepk2uq0.jpg
f87b5da4-a2f6-43a6-8bf3-1f7ee18bc554,http://res.cloudinary.com/djs6t9owh/image/upload/v1748461858/uploads/images/wesu756e3lnzxt3lq81j.jpg
"873d92bf-1821-4f0b-bdf8-7a3a4550da83",http://res.cloudinary.com/djs6t9owh/image/upload/v1748541587/uploads/images/jxijbdg8nmtcddcpnxrz.jpg
"873d92bf-1821-4f0b-bdf8-7a3a4550da83",http://res.cloudinary.com/djs6t9owh/image/upload/v1748541588/uploads/images/tcgybcs0ugxd4949f03n.jpg
"873d92bf-1821-4f0b-bdf8-7a3a4550da83",http://res.cloudinary.com/djs6t9owh/image/upload/v1748541590/uploads/images/b9bcozs46sb9xrnn8oht.jpg
"873d92bf-1821-4f0b-bdf8-7a3a4550da83",http://res.cloudinary.com/djs6t9owh/image/upload/v1748541591/uploads/images/lhxk6wmm8jjkll2zwehv.jpg
"873d92bf-1821-4f0b-bdf8-7a3a4550da83",http://res.cloudinary.com/djs6t9owh/image/upload/v1748541592/uploads/images/edvtd0w1kpv7dexm4dih.jpg
cbca5c5b-f2a9-4442-adb7-a03d0673f50c,http://res.cloudinary.com/djs6t9owh/image/upload/v1748543176/uploads/images/m5j2i3bp7cxzzxtb57qi.jpg
cbca5c5b-f2a9-4442-adb7-a03d0673f50c,http://res.cloudinary.com/djs6t9owh/image/upload/v1748543178/uploads/images/piidka05zk1axwjgl3yw.jpg
cbca5c5b-f2a9-4442-adb7-a03d0673f50c,http://res.cloudinary.com/djs6t9owh/image/upload/v1748543179/uploads/images/umu35zmkctmogmc3jhoe.jpg
cbca5c5b-f2a9-4442-adb7-a03d0673f50c,http://res.cloudinary.com/djs6t9owh/image/upload/v1748543181/uploads/images/xn8lbdhcjafevnb3bfac.jpg
cbca5c5b-f2a9-4442-adb7-a03d0673f50c,http://res.cloudinary.com/djs6t9owh/image/upload/v1748543182/uploads/images/xkdelyn6o5frvxj54noh.jpg
"220fc4a3-cb16-4d78-9b94-2078ef41eb0a",http://res.cloudinary.com/djs6t9owh/image/upload/v1748545082/uploads/images/uz5t0fcngqub3ewg8sg8.jpg
"220fc4a3-cb16-4d78-9b94-2078ef41eb0a",http://res.cloudinary.com/djs6t9owh/image/upload/v1748545084/uploads/images/ggfhfve3exenyjkkt992.jpg
"220fc4a3-cb16-4d78-9b94-2078ef41eb0a",http://res.cloudinary.com/djs6t9owh/image/upload/v1748545085/uploads/images/utrph5yt2teeruuscnh3.jpg
"220fc4a3-cb16-4d78-9b94-2078ef41eb0a",http://res.cloudinary.com/djs6t9owh/image/upload/v1748545087/uploads/images/guroqqhya8rpzgftrvib.jpg
"220fc4a3-cb16-4d78-9b94-2078ef41eb0a",http://res.cloudinary.com/djs6t9owh/image/upload/v1748545089/uploads/images/utaqjt3woxiamhpupatt.jpg
"836a5c55-1606-41da-ac28-8b0e9a0fd004",http://res.cloudinary.com/djs6t9owh/image/upload/v1748549144/uploads/images/ifdc578uy9syiakcqlqa.jpg
"836a5c55-1606-41da-ac28-8b0e9a0fd004",http://res.cloudinary.com/djs6t9owh/image/upload/v1748549145/uploads/images/ymnfzmtab0joiprzprmw.jpg
"836a5c55-1606-41da-ac28-8b0e9a0fd004",http://res.cloudinary.com/djs6t9owh/image/upload/v1748549146/uploads/images/epsdl3fblq3oops8mpos.jpg
"836a5c55-1606-41da-ac28-8b0e9a0fd004",http://res.cloudinary.com/djs6t9owh/image/upload/v1748549148/uploads/images/mpw1ugnsxhtyqwbyzjef.jpg
"836a5c55-1606-41da-ac28-8b0e9a0fd004",http://res.cloudinary.com/djs6t9owh/image/upload/v1748549149/uploads/images/htp6rsb0d6awcns6npil.jpg
eef8727e-8594-42b7-a85a-6388245f417e,http://res.cloudinary.com/djs6t9owh/image/upload/v1735330754/uploads/images/tz6qafubosdgboa2jhvk.jpg
eef8727e-8594-42b7-a85a-6388245f417e,http://res.cloudinary.com/djs6t9owh/image/upload/v1735330756/uploads/images/tptoabjmhgvnd3owtmhc.jpg
eef8727e-8594-42b7-a85a-6388245f417e,http://res.cloudinary.com/djs6t9owh/image/upload/v1735330758/uploads/images/oocd0xfn23tvac5ooohi.jpg
eef8727e-8594-42b7-a85a-6388245f417e,http://res.cloudinary.com/djs6t9owh/image/upload/v1735330760/uploads/images/soh1bpho6auzwmqh3s76.jpg
eef8727e-8594-42b7-a85a-6388245f417e,http://res.cloudinary.com/djs6t9owh/image/upload/v1735330762/uploads/images/s2ihnfnjlmflbhkk2mio.jpg
"06ae8788-0370-495e-9386-3309e1a591fd",http://res.cloudinary.com/djs6t9owh/image/upload/v1735331126/uploads/images/j0k8jbipevveqxx4cxiu.jpg
"06ae8788-0370-495e-9386-3309e1a591fd",http://res.cloudinary.com/djs6t9owh/image/upload/v1735331128/uploads/images/dgizfvp6t5djz410fftd.jpg
"06ae8788-0370-495e-9386-3309e1a591fd",http://res.cloudinary.com/djs6t9owh/image/upload/v1735331129/uploads/images/kyiapcgw4ilexilnt3qv.jpg
"06ae8788-0370-495e-9386-3309e1a591fd",http://res.cloudinary.com/djs6t9owh/image/upload/v1735331130/uploads/images/ojx6xfdxssm5jww1scvk.jpg
"06ae8788-0370-495e-9386-3309e1a591fd",http://res.cloudinary.com/djs6t9owh/image/upload/v1735331132/uploads/images/yja8aslnk5fucizpbqbj.jpg
f8109538-d277-46d4-a540-24cc2a8f79a9,http://res.cloudinary.com/djs6t9owh/image/upload/v1735331662/uploads/images/rannvjaaej0ouu5ctpkb.jpg
f8109538-d277-46d4-a540-24cc2a8f79a9,http://res.cloudinary.com/djs6t9owh/image/upload/v1735331663/uploads/images/bdhyylhnrwsfinhmwapx.jpg
f8109538-d277-46d4-a540-24cc2a8f79a9,http://res.cloudinary.com/djs6t9owh/image/upload/v1735331664/uploads/images/slrkkdls7ldfmsgvgjti.jpg
f8109538-d277-46d4-a540-24cc2a8f79a9,http://res.cloudinary.com/djs6t9owh/image/upload/v1735331666/uploads/images/orw5zagtkazc9v9zq18i.jpg
f8109538-d277-46d4-a540-24cc2a8f79a9,http://res.cloudinary.com/djs6t9owh/image/upload/v1735331667/uploads/images/bs746xayal79lsz2qwuj.jpg
"3bb848a5-bcb5-4bcc-a409-d3c68495ebb2",http://res.cloudinary.com/djs6t9owh/image/upload/v1747418711/uploads/images/l2zitrlnudb6lx4fo9s7.jpg
"3bb848a5-bcb5-4bcc-a409-d3c68495ebb2",http://res.cloudinary.com/djs6t9owh/image/upload/v1747418713/uploads/images/qgexm1gdamsqopnzgqco.jpg
"3bb848a5-bcb5-4bcc-a409-d3c68495ebb2",http://res.cloudinary.com/djs6t9owh/image/upload/v1747418715/uploads/images/yzlw6wuvc75zpn1fcubx.jpg
"3bb848a5-bcb5-4bcc-a409-d3c68495ebb2",http://res.cloudinary.com/djs6t9owh/image/upload/v1747418716/uploads/images/yorojv6lh866rwasqwki.jpg
"3bb848a5-bcb5-4bcc-a409-d3c68495ebb2",http://res.cloudinary.com/djs6t9owh/image/upload/v1747418718/uploads/images/chmyrskadecqjc092uh5.jpg
f87b5da4-a2f6-43a6-8bf3-1f7ee18bc554,http://res.cloudinary.com/djs6t9owh/image/upload/v1735580577/uploads/images/lfadszbpdr51rt9vzx7w.jpg
f87b5da4-a2f6-43a6-8bf3-1f7ee18bc554,http://res.cloudinary.com/djs6t9owh/image/upload/v1735580579/uploads/images/nodxodyc0geffzvpo0ho.jpg
f87b5da4-a2f6-43a6-8bf3-1f7ee18bc554,http://res.cloudinary.com/djs6t9owh/image/upload/v1735580580/uploads/images/e9tghuqwgog17rvdx5nr.jpg
f87b5da4-a2f6-43a6-8bf3-1f7ee18bc554,http://res.cloudinary.com/djs6t9owh/image/upload/v1735580582/uploads/images/q5rocxlmgssplepk2uq0.jpg
f87b5da4-a2f6-43a6-8bf3-1f7ee18bc554,http://res.cloudinary.com/djs6t9owh/image/upload/v1748461858/uploads/images/wesu756e3lnzxt3lq81j.jpg
"873d92bf-1821-4f0b-bdf8-7a3a4550da83",http://res.cloudinary.com/djs6t9owh/image/upload/v1748541587/uploads/images/jxijbdg8nmtcddcpnxrz.jpg
"873d92bf-1821-4f0b-bdf8-7a3a4550da83",http://res.cloudinary.com/djs6t9owh/image/upload/v1748541588/uploads/images/tcgybcs0ugxd4949f03n.jpg
"873d92bf-1821-4f0b-bdf8-7a3a4550da83",http://res.cloudinary.com/djs6t9owh/image/upload/v1748541590/uploads/images/b9bcozs46sb9xrnn8oht.jpg
"873d92bf-1821-4f0b-bdf8-7a3a4550da83",http://res.cloudinary.com/djs6t9owh/image/upload/v1748541591/uploads/images/lhxk6wmm8jjkll2zwehv.jpg
"873d92bf-1821-4f0b-bdf8-7a3a4550da83",http://res.cloudinary.com/djs6t9owh/image/upload/v1748541592/uploads/images/edvtd0w1kpv7dexm4dih.jpg
cbca5c5b-f2a9-4442-adb7-a03d0673f50c,http://res.cloudinary.com/djs6t9owh/image/upload/v1748543176/uploads/images/m5j2i3bp7cxzzxtb57qi.jpg
cbca5c5b-f2a9-4442-adb7-a03d0673f50c,http://res.cloudinary.com/djs6t9owh/image/upload/v1748543178/uploads/images/piidka05zk1axwjgl3yw.jpg
cbca5c5b-f2a9-4442-adb7-a03d0673f50c,http://res.cloudinary.com/djs6t9owh/image/upload/v1748543179/uploads/images/umu35zmkctmogmc3jhoe.jpg
cbca5c5b-f2a9-4442-adb7-a03d0673f50c,http://res.cloudinary.com/djs6t9owh/image/upload/v1748543181/uploads/images/xn8lbdhcjafevnb3bfac.jpg
cbca5c5b-f2a9-4442-adb7-a03d0673f50c,http://res.cloudinary.com/djs6t9owh/image/upload/v1748543182/uploads/images/xkdelyn6o5frvxj54noh.jpg
"220fc4a3-cb16-4d78-9b94-2078ef41eb0a",http://res.cloudinary.com/djs6t9owh/image/upload/v1748545082/uploads/images/uz5t0fcngqub3ewg8sg8.jpg
"220fc4a3-cb16-4d78-9b94-2078ef41eb0a",http://res.cloudinary.com/djs6t9owh/image/upload/v1748545084/uploads/images/ggfhfve3exenyjkkt992.jpg
"220fc4a3-cb16-4d78-9b94-2078ef41eb0a",http://res.cloudinary.com/djs6t9owh/image/upload/v1748545085/uploads/images/utrph5yt2teeruuscnh3.jpg
"220fc4a3-cb16-4d78-9b94-2078ef41eb0a",http://res.cloudinary.com/djs6t9owh/image/upload/v1748545087/uploads/images/guroqqhya8rpzgftrvib.jpg
"220fc4a3-cb16-4d78-9b94-2078ef41eb0a",http://res.cloudinary.com/djs6t9owh/image/upload/v1748545089/uploads/images/utaqjt3woxiamhpupatt.jpg
"836a5c55-1606-41da-ac28-8b0e9a0fd004",http://res.cloudinary.com/djs6t9owh/image/upload/v1748549144/uploads/images/ifdc578uy9syiakcqlqa.jpg
"836a5c55-1606-41da-ac28-8b0e9a0fd004",http://res.cloudinary.com/djs6t9owh/image/upload/v1748549145/uploads/images/ymnfzmtab0joiprzprmw.jpg
"836a5c55-1606-41da-ac28-8b0e9a0fd004",http://res.cloudinary.com/djs6t9owh/image/upload/v1748549146/uploads/images/epsdl3fblq3oops8mpos.jpg
"836a5c55-1606-41da-ac28-8b0e9a0fd004",http://res.cloudinary.com/djs6t9owh/image/upload/v1748549148/uploads/images/mpw1ugnsxhtyqwbyzjef.jpg
"836a5c55-1606-41da-ac28-8b0e9a0fd004",http://res.cloudinary.com/djs6t9owh/image/upload/v1748549149/uploads/images/htp6rsb0d6awcns6npil.jpg
